keyword,slug,url,category,page_type,is_tool_keyword
Financial Calculator,financial-calculator.html,https://www.calculator.net/financial-calculator.html,Other,tool,True
Mortgage Calculator,mortgage-calculator.html,https://www.calculator.net/mortgage-calculator.html,Financial,tool,True
Loan Calculator,loan-calculator.html,https://www.calculator.net/loan-calculator.html,Financial,tool,True
Auto Loan Calculator,auto-loan-calculator.html,https://www.calculator.net/auto-loan-calculator.html,Financial,tool,True
Interest Calculator,interest-calculator.html,https://www.calculator.net/interest-calculator.html,Financial,tool,True
Payment Calculator,payment-calculator.html,https://www.calculator.net/payment-calculator.html,Financial,tool,True
Retirement Calculator,retirement-calculator.html,https://www.calculator.net/retirement-calculator.html,Financial,tool,True
Amortization Calculator,amortization-calculator.html,https://www.calculator.net/amortization-calculator.html,Financial,tool,True
Investment Calculator,investment-calculator.html,https://www.calculator.net/investment-calculator.html,Financial,tool,True
Currency Calculator,currency-calculator.html,https://www.calculator.net/currency-calculator.html,Financial,tool,True
Inflation Calculator,inflation-calculator.html,https://www.calculator.net/inflation-calculator.html,Financial,tool,True
Finance Calculator,finance-calculator.html,https://www.calculator.net/finance-calculator.html,Financial,tool,True
Mortgage Payoff Calculator,mortgage-payoff-calculator.html,https://www.calculator.net/mortgage-payoff-calculator.html,Financial,tool,True
Tax Calculator,tax-calculator.html,https://www.calculator.net/tax-calculator.html,Financial,tool,True
Compound Interest Calculator,compound-interest-calculator.html,https://www.calculator.net/compound-interest-calculator.html,Financial,tool,True
Salary Calculator,salary-calculator.html,https://www.calculator.net/salary-calculator.html,Financial,tool,True
401k Calculator,401k-calculator.html,https://www.calculator.net/401k-calculator.html,Financial,tool,True
Interest Rate Calculator,interest-rate-calculator.html,https://www.calculator.net/interest-rate-calculator.html,Financial,tool,True
Sales Tax Calculator,sales-tax-calculator.html,https://www.calculator.net/sales-tax-calculator.html,Financial,tool,True
Fitness and Health Calculator,fitness-and-health-calculator.html,https://www.calculator.net/fitness-and-health-calculator.html,Other,tool,True
BMI Calculator,bmi-calculator.html,https://www.calculator.net/bmi-calculator.html,Fitness & Health,tool,True
Calorie Calculator,calorie-calculator.html,https://www.calculator.net/calorie-calculator.html,Fitness & Health,tool,True
Body Fat Calculator,body-fat-calculator.html,https://www.calculator.net/body-fat-calculator.html,Fitness & Health,tool,True
BMR Calculator,bmr-calculator.html,https://www.calculator.net/bmr-calculator.html,Fitness & Health,tool,True
Macro Calculator,macro-calculator.html,https://www.calculator.net/macro-calculator.html,Fitness & Health,tool,True
Ideal Weight Calculator,ideal-weight-calculator.html,https://www.calculator.net/ideal-weight-calculator.html,Fitness & Health,tool,True
Pregnancy Calculator,pregnancy-calculator.html,https://www.calculator.net/pregnancy-calculator.html,Fitness & Health,tool,True
Pregnancy Weight Gain Calculator,pregnancy-weight-gain-calculator.html,https://www.calculator.net/pregnancy-weight-gain-calculator.html,Fitness & Health,tool,True
Pregnancy Conception Calculator,pregnancy-conception-calculator.html,https://www.calculator.net/pregnancy-conception-calculator.html,Fitness & Health,tool,True
Due Date Calculator,due-date-calculator.html,https://www.calculator.net/due-date-calculator.html,Fitness & Health,tool,True
Pace Calculator,pace-calculator.html,https://www.calculator.net/pace-calculator.html,Fitness & Health,tool,True
Math Calculator,math-calculator.html,https://www.calculator.net/math-calculator.html,Other,tool,True
Scientific Calculator,scientific-calculator.html,https://www.calculator.net/scientific-calculator.html,Math,tool,True
Fraction Calculator,fraction-calculator.html,https://www.calculator.net/fraction-calculator.html,Math,tool,True
Percent Calculator,percent-calculator.html,https://www.calculator.net/percent-calculator.html,Math,tool,True
Triangle Calculator,triangle-calculator.html,https://www.calculator.net/triangle-calculator.html,Math,tool,True
Volume Calculator,volume-calculator.html,https://www.calculator.net/volume-calculator.html,Other,tool,True
Standard Deviation Calculator,standard-deviation-calculator.html,https://www.calculator.net/standard-deviation-calculator.html,Math,tool,True
Random Number Generator,random-number-generator.html,https://www.calculator.net/random-number-generator.html,Math,tool,True
Other Calculator,other-calculator.html,https://www.calculator.net/other-calculator.html,Other,tool,True
Age Calculator,age-calculator.html,https://www.calculator.net/age-calculator.html,Other,tool,True
Date Calculator,date-calculator.html,https://www.calculator.net/date-calculator.html,Other,tool,True
Time Calculator,time-calculator.html,https://www.calculator.net/time-calculator.html,Other,tool,True
Hours Calculator,hours-calculator.html,https://www.calculator.net/hours-calculator.html,Other,tool,True
GPA Calculator,gpa-calculator.html,https://www.calculator.net/gpa-calculator.html,Other,tool,True
Grade Calculator,grade-calculator.html,https://www.calculator.net/grade-calculator.html,Other,tool,True
Height Calculator,height-calculator.html,https://www.calculator.net/height-calculator.html,Conversion & Science,tool,True
Concrete Calculator,concrete-calculator.html,https://www.calculator.net/concrete-calculator.html,Construction,tool,True
IP Subnet Calculator,ip-subnet-calculator.html,https://www.calculator.net/ip-subnet-calculator.html,Technical & Electrical,tool,True
Bra Size Calculator,bra-size-calculator.html,https://www.calculator.net/bra-size-calculator.html,Other,tool,True
Password Generator,password-generator.html,https://www.calculator.net/password-generator.html,Other,tool,True
Dice Roller,dice-roller.html,https://www.calculator.net/dice-roller.html,Other,tool,True
Conversion Calculator,conversion-calculator.html,https://www.calculator.net/conversion-calculator.html,Conversion & Science,tool,True
Calculators widget,calculators-for-your-site.html,https://www.calculator.net/calculators-for-your-site.html,Other,widget,True
Mortgage Calculator widget,mortgage-calculator-for-your-site.html,https://www.calculator.net/mortgage-calculator-for-your-site.html,Financial,widget,True
Math Calculator widget,math-calculator-for-your-site.html,https://www.calculator.net/math-calculator-for-your-site.html,Other,widget,True
Scientific Calculator widget,scientific-calculator-for-your-site.html,https://www.calculator.net/scientific-calculator-for-your-site.html,Math,widget,True
Love Calculator widget,love-calculator-for-your-site.html,https://www.calculator.net/love-calculator-for-your-site.html,Other,widget,True
Concrete Calculator widget,concrete-calculator-for-your-site.html,https://www.calculator.net/concrete-calculator-for-your-site.html,Construction,widget,True
House Affordability Calculator,house-affordability-calculator.html,https://www.calculator.net/house-affordability-calculator.html,Financial,tool,True
Savings Calculator,savings-calculator.html,https://www.calculator.net/savings-calculator.html,Financial,tool,True
Rent Calculator,rent-calculator.html,https://www.calculator.net/rent-calculator.html,Financial,tool,True
Marriage Calculator,marriage-calculator.html,https://www.calculator.net/marriage-calculator.html,Other,tool,True
Estate Tax Calculator,estate-tax-calculator.html,https://www.calculator.net/estate-tax-calculator.html,Financial,tool,True
Pension Calculator,pension-calculator.html,https://www.calculator.net/pension-calculator.html,Financial,tool,True
Social Security Calculator,social-security-calculator.html,https://www.calculator.net/social-security-calculator.html,Financial,tool,True
Annuity Calculator,annuity-calculator.html,https://www.calculator.net/annuity-calculator.html,Financial,tool,True
Annuity Payout Calculator,annuity-payout-calculator.html,https://www.calculator.net/annuity-payout-calculator.html,Financial,tool,True
Credit Card Calculator,credit-card-calculator.html,https://www.calculator.net/credit-card-calculator.html,Financial,tool,True
Credit Card Payoff Calculator,credit-card-payoff-calculator.html,https://www.calculator.net/credit-card-payoff-calculator.html,Financial,tool,True
Debt Payoff Calculator,debt-payoff-calculator.html,https://www.calculator.net/debt-payoff-calculator.html,Financial,tool,True
Debt Consolidation Calculator,debt-consolidation-calculator.html,https://www.calculator.net/debt-consolidation-calculator.html,Financial,tool,True
Repayment Calculator,repayment-calculator.html,https://www.calculator.net/repayment-calculator.html,Financial,tool,True
Student Loan Calculator,student-loan-calculator.html,https://www.calculator.net/student-loan-calculator.html,Financial,tool,True
College Cost Calculator,college-cost-calculator.html,https://www.calculator.net/college-cost-calculator.html,Other,tool,True
Simple Interest Calculator,simple-interest-calculator.html,https://www.calculator.net/simple-interest-calculator.html,Financial,tool,True
CD Calculator,cd-calculator.html,https://www.calculator.net/cd-calculator.html,Other,tool,True
Bond Calculator,bond-calculator.html,https://www.calculator.net/bond-calculator.html,Other,tool,True
Mutual Fund Calculator,mutual-fund-calculator.html,https://www.calculator.net/mutual-fund-calculator.html,Other,tool,True
Roth IRA Calculator,roth-ira-calculator.html,https://www.calculator.net/roth-ira-calculator.html,Financial,tool,True
IRA Calculator,ira-calculator.html,https://www.calculator.net/ira-calculator.html,Financial,tool,True
RMD Calculator,rmd-calculator.html,https://www.calculator.net/rmd-calculator.html,Financial,tool,True
VAT Calculator,vat-calculator.html,https://www.calculator.net/vat-calculator.html,Financial,tool,True
Cash Back or Low Interest Calculator,cash-back-or-low-interest-calculator.html,https://www.calculator.net/cash-back-or-low-interest-calculator.html,Financial,tool,True
Auto Lease Calculator,auto-lease-calculator.html,https://www.calculator.net/auto-lease-calculator.html,Financial,tool,True
Depreciation Calculator,depreciation-calculator.html,https://www.calculator.net/depreciation-calculator.html,Other,tool,True
Average Return Calculator,average-return-calculator.html,https://www.calculator.net/average-return-calculator.html,Math,tool,True
Margin Calculator,margin-calculator.html,https://www.calculator.net/margin-calculator.html,Other,tool,True
Discount Calculator,discount-calculator.html,https://www.calculator.net/discount-calculator.html,Other,tool,True
Business Loan Calculator,business-loan-calculator.html,https://www.calculator.net/business-loan-calculator.html,Financial,tool,True
Debt Ratio Calculator,debt-ratio-calculator.html,https://www.calculator.net/debt-ratio-calculator.html,Financial,tool,True
Real Estate Calculator,real-estate-calculator.html,https://www.calculator.net/real-estate-calculator.html,Other,tool,True
Take Home Pay Calculator,take-home-pay-calculator.html,https://www.calculator.net/take-home-pay-calculator.html,Other,tool,True
Personal Loan Calculator,personal-loan-calculator.html,https://www.calculator.net/personal-loan-calculator.html,Financial,tool,True
Boat Loan Calculator,boat-loan-calculator.html,https://www.calculator.net/boat-loan-calculator.html,Financial,tool,True
Lease Calculator,lease-calculator.html,https://www.calculator.net/lease-calculator.html,Financial,tool,True
Refinance Calculator,refinance-calculator.html,https://www.calculator.net/refinance-calculator.html,Financial,tool,True
Budget Calculator,budget-calculator.html,https://www.calculator.net/budget-calculator.html,Financial,tool,True
Rental Property Calculator,rental-property-calculator.html,https://www.calculator.net/rental-property-calculator.html,Financial,tool,True
IRR Calculator,irr-calculator.html,https://www.calculator.net/irr-calculator.html,Financial,tool,True
ROI Calculator,roi-calculator.html,https://www.calculator.net/roi-calculator.html,Financial,tool,True
APR Calculator,apr-calculator.html,https://www.calculator.net/apr-calculator.html,Financial,tool,True
FHA Loan Calculator,fha-loan-calculator.html,https://www.calculator.net/fha-loan-calculator.html,Financial,tool,True
VA Mortgage Calculator,va-mortgage-calculator.html,https://www.calculator.net/va-mortgage-calculator.html,Financial,tool,True
Home Equity Loan Calculator,home-equity-loan-calculator.html,https://www.calculator.net/home-equity-loan-calculator.html,Financial,tool,True
HELOC Calculator,heloc-calculator.html,https://www.calculator.net/heloc-calculator.html,Other,tool,True
Down Payment Calculator,down-payment-calculator.html,https://www.calculator.net/down-payment-calculator.html,Financial,tool,True
Rent vs Buy Calculator,rent-vs-buy-calculator.html,https://www.calculator.net/rent-vs-buy-calculator.html,Financial,tool,True
Payback Period Calculator,payback-period-calculator.html,https://www.calculator.net/payback-period-calculator.html,Financial,tool,True
Present Value Calculator,present-value-calculator.html,https://www.calculator.net/present-value-calculator.html,Other,tool,True
Future Value Calculator,future-value-calculator.html,https://www.calculator.net/future-value-calculator.html,Other,tool,True
Commission Calculator,commission-calculator.html,https://www.calculator.net/commission-calculator.html,Financial,tool,True
Army Body Fat Calculator,army-body-fat-calculator.html,https://www.calculator.net/army-body-fat-calculator.html,Fitness & Health,tool,True
Carbohydrate Calculator,carbohydrate-calculator.html,https://www.calculator.net/carbohydrate-calculator.html,Fitness & Health,tool,True
Lean Body Mass Calculator,lean-body-mass-calculator.html,https://www.calculator.net/lean-body-mass-calculator.html,Fitness & Health,tool,True
Healthy Weight Calculator,healthy-weight-calculator.html,https://www.calculator.net/healthy-weight-calculator.html,Fitness & Health,tool,True
Calories Burned Calculator,calories-burned-calculator.html,https://www.calculator.net/calories-burned-calculator.html,Fitness & Health,tool,True
One Rep Max Calculator,one-rep-max-calculator.html,https://www.calculator.net/one-rep-max-calculator.html,Other,tool,True
Target Heart Rate Calculator,target-heart-rate-calculator.html,https://www.calculator.net/target-heart-rate-calculator.html,Fitness & Health,tool,True
Protein Calculator,protein-calculator.html,https://www.calculator.net/protein-calculator.html,Fitness & Health,tool,True
Fat Intake Calculator,fat-intake-calculator.html,https://www.calculator.net/fat-intake-calculator.html,Other,tool,True
TDEE Calculator,tdee-calculator.html,https://www.calculator.net/tdee-calculator.html,Fitness & Health,tool,True
Ovulation Calculator,ovulation-calculator.html,https://www.calculator.net/ovulation-calculator.html,Fitness & Health,tool,True
Conception Calculator,conception-calculator.html,https://www.calculator.net/conception-calculator.html,Fitness & Health,tool,True
Period Calculator,period-calculator.html,https://www.calculator.net/period-calculator.html,Fitness & Health,tool,True
GFR Calculator,gfr-calculator.html,https://www.calculator.net/gfr-calculator.html,Fitness & Health,tool,True
Body Type Calculator,body-type-calculator.html,https://www.calculator.net/body-type-calculator.html,Other,tool,True
Body Surface Area Calculator,body-surface-area-calculator.html,https://www.calculator.net/body-surface-area-calculator.html,Fitness & Health,tool,True
BAC Calculator,bac-calculator.html,https://www.calculator.net/bac-calculator.html,Fitness & Health,tool,True
Number Sequence Calculator,number-sequence-calculator.html,https://www.calculator.net/number-sequence-calculator.html,Math,tool,True
Percent Error Calculator,percent-error-calculator.html,https://www.calculator.net/percent-error-calculator.html,Math,tool,True
Exponent Calculator,exponent-calculator.html,https://www.calculator.net/exponent-calculator.html,Math,tool,True
Binary Calculator,binary-calculator.html,https://www.calculator.net/binary-calculator.html,Math,tool,True
Hex Calculator,hex-calculator.html,https://www.calculator.net/hex-calculator.html,Math,tool,True
Half Life Calculator,half-life-calculator.html,https://www.calculator.net/half-life-calculator.html,Other,tool,True
Quadratic Formula Calculator,quadratic-formula-calculator.html,https://www.calculator.net/quadratic-formula-calculator.html,Math,tool,True
Slope Calculator,slope-calculator.html,https://www.calculator.net/slope-calculator.html,Math,tool,True
Log Calculator,log-calculator.html,https://www.calculator.net/log-calculator.html,Math,tool,True
Area Calculator,area-calculator.html,https://www.calculator.net/area-calculator.html,Math,tool,True
Sample Size Calculator,sample-size-calculator.html,https://www.calculator.net/sample-size-calculator.html,Math,tool,True
Probability Calculator,probability-calculator.html,https://www.calculator.net/probability-calculator.html,Math,tool,True
Statistics Calculator,statistics-calculator.html,https://www.calculator.net/statistics-calculator.html,Math,tool,True
Mean Median Mode Range Calculator,mean-median-mode-range-calculator.html,https://www.calculator.net/mean-median-mode-range-calculator.html,Math,tool,True
Permutation and Combination Calculator,permutation-and-combination-calculator.html,https://www.calculator.net/permutation-and-combination-calculator.html,Math,tool,True
Z Score Calculator,z-score-calculator.html,https://www.calculator.net/z-score-calculator.html,Math,tool,True
Confidence Interval Calculator,confidence-interval-calculator.html,https://www.calculator.net/confidence-interval-calculator.html,Math,tool,True
Ratio Calculator,ratio-calculator.html,https://www.calculator.net/ratio-calculator.html,Math,tool,True
Distance Calculator,distance-calculator.html,https://www.calculator.net/distance-calculator.html,Math,tool,True
Circle Calculator,circle-calculator.html,https://www.calculator.net/circle-calculator.html,Math,tool,True
Surface Area Calculator,surface-area-calculator.html,https://www.calculator.net/surface-area-calculator.html,Math,tool,True
Pythagorean Theorem Calculator,pythagorean-theorem-calculator.html,https://www.calculator.net/pythagorean-theorem-calculator.html,Math,tool,True
Right Triangle Calculator,right-triangle-calculator.html,https://www.calculator.net/right-triangle-calculator.html,Math,tool,True
Root Calculator,root-calculator.html,https://www.calculator.net/root-calculator.html,Math,tool,True
LCM Calculator,lcm-calculator.html,https://www.calculator.net/lcm-calculator.html,Math,tool,True
GCF Calculator,gcf-calculator.html,https://www.calculator.net/gcf-calculator.html,Math,tool,True
Factor Calculator,factor-calculator.html,https://www.calculator.net/factor-calculator.html,Math,tool,True
Rounding Calculator,rounding-calculator.html,https://www.calculator.net/rounding-calculator.html,Math,tool,True
Matrix Calculator,matrix-calculator.html,https://www.calculator.net/matrix-calculator.html,Math,tool,True
Scientific Notation Calculator,scientific-notation-calculator.html,https://www.calculator.net/scientific-notation-calculator.html,Math,tool,True
Big Number Calculator,big-number-calculator.html,https://www.calculator.net/big-number-calculator.html,Math,tool,True
Fuel Cost Calculator,fuel-cost-calculator.html,https://www.calculator.net/fuel-cost-calculator.html,Conversion & Science,tool,True
Voltage Drop Calculator,voltage-drop-calculator.html,https://www.calculator.net/voltage-drop-calculator.html,Technical & Electrical,tool,True
BTU Calculator,btu-calculator.html,https://www.calculator.net/btu-calculator.html,Other,tool,True
Square Footage Calculator,square-footage-calculator.html,https://www.calculator.net/square-footage-calculator.html,Construction,tool,True
Time Card Calculator,time-card-calculator.html,https://www.calculator.net/time-card-calculator.html,Other,tool,True
Time Zone Calculator,time-zone-calculator.html,https://www.calculator.net/time-zone-calculator.html,Other,tool,True
Love Calculator,love-calculator.html,https://www.calculator.net/love-calculator.html,Other,tool,True
GDP Calculator,gdp-calculator.html,https://www.calculator.net/gdp-calculator.html,Other,tool,True
Gas Mileage Calculator,gas-mileage-calculator.html,https://www.calculator.net/gas-mileage-calculator.html,Conversion & Science,tool,True
Horsepower Calculator,horsepower-calculator.html,https://www.calculator.net/horsepower-calculator.html,Other,tool,True
Engine Horsepower Calculator,engine-horsepower-calculator.html,https://www.calculator.net/engine-horsepower-calculator.html,Other,tool,True
Stair Calculator,stair-calculator.html,https://www.calculator.net/stair-calculator.html,Construction,tool,True
Resistor Calculator,resistor-calculator.html,https://www.calculator.net/resistor-calculator.html,Technical & Electrical,tool,True
Ohms Law Calculator,ohms-law-calculator.html,https://www.calculator.net/ohms-law-calculator.html,Technical & Electrical,tool,True
Electricity Calculator,electricity-calculator.html,https://www.calculator.net/electricity-calculator.html,Technical & Electrical,tool,True
Shoe Size Conversion,shoe-size-conversion.html,https://www.calculator.net/shoe-size-conversion.html,Conversion & Science,tool,True
Tip Calculator,tip-calculator.html,https://www.calculator.net/tip-calculator.html,Other,tool,True
Mileage Calculator,mileage-calculator.html,https://www.calculator.net/mileage-calculator.html,Conversion & Science,tool,True
Density Calculator,density-calculator.html,https://www.calculator.net/density-calculator.html,Conversion & Science,tool,True
Mass Calculator,mass-calculator.html,https://www.calculator.net/mass-calculator.html,Conversion & Science,tool,True
Weight Calculator,weight-calculator.html,https://www.calculator.net/weight-calculator.html,Fitness & Health,tool,True
Speed Calculator,speed-calculator.html,https://www.calculator.net/speed-calculator.html,Conversion & Science,tool,True
Molarity Calculator,molarity-calculator.html,https://www.calculator.net/molarity-calculator.html,Conversion & Science,tool,True
Molecular Weight Calculator,molecular-weight-calculator.html,https://www.calculator.net/molecular-weight-calculator.html,Fitness & Health,tool,True
Roman Numeral Converter,roman-numeral-converter.html,https://www.calculator.net/roman-numeral-converter.html,Conversion & Science,tool,True
Golf Handicap Calculator,golf-handicap-calculator.html,https://www.calculator.net/golf-handicap-calculator.html,Other,tool,True
Sleep Calculator,sleep-calculator.html,https://www.calculator.net/sleep-calculator.html,Fitness & Health,tool,True
Tire Size Calculator,tire-size-calculator.html,https://www.calculator.net/tire-size-calculator.html,Other,tool,True
Roofing Calculator,roofing-calculator.html,https://www.calculator.net/roofing-calculator.html,Construction,tool,True
Tile Calculator,tile-calculator.html,https://www.calculator.net/tile-calculator.html,Construction,tool,True
Mulch Calculator,mulch-calculator.html,https://www.calculator.net/mulch-calculator.html,Construction,tool,True
Gravel Calculator,gravel-calculator.html,https://www.calculator.net/gravel-calculator.html,Construction,tool,True
Wind Chill Calculator,wind-chill-calculator.html,https://www.calculator.net/wind-chill-calculator.html,Other,tool,True
Heat Index Calculator,heat-index-calculator.html,https://www.calculator.net/heat-index-calculator.html,Other,tool,True
Dew Point Calculator,dew-point-calculator.html,https://www.calculator.net/dew-point-calculator.html,Other,tool,True
Bandwidth Calculator,bandwidth-calculator.html,https://www.calculator.net/bandwidth-calculator.html,Technical & Electrical,tool,True
Base64 Encode Decode,base64-encode-decode.html,https://www.calculator.net/base64-encode-decode.html,Technical & Electrical,tool,True
URL Encode Decode,url-encode-decode.html,https://www.calculator.net/url-encode-decode.html,Technical & Electrical,tool,True
Time Duration Calculator,time-duration-calculator.html,https://www.calculator.net/time-duration-calculator.html,Math,tool,True
Day Counter,day-counter.html,https://www.calculator.net/day-counter.html,Other,tool,True
Day Of The Week Calculator,day-of-the-week-calculator.html,https://www.calculator.net/day-of-the-week-calculator.html,Other,tool,True
Mortgage Calculator UK,mortgage-calculator-uk.html,https://www.calculator.net/mortgage-calculator-uk.html,Financial,tool,True
Canadian Mortgage Calculator,canadian-mortgage-calculator.html,https://www.calculator.net/canadian-mortgage-calculator.html,Financial,tool,True
Mortgage Amortization Calculator,mortgage-amortization-calculator.html,https://www.calculator.net/mortgage-amortization-calculator.html,Financial,tool,True
Percent Off Calculator,percent-off-calculator.html,https://www.calculator.net/percent-off-calculator.html,Math,tool,True
Anorexic BMI Calculator,anorexic-bmi-calculator.html,https://www.calculator.net/anorexic-bmi-calculator.html,Fitness & Health,tool,True
Weight Watchers Points Calculator,weight-watchers-points-calculator.html,https://www.calculator.net/weight-watchers-points-calculator.html,Fitness & Health,tool,True
Overweight Calculator,overweight-calculator.html,https://www.calculator.net/overweight-calculator.html,Fitness & Health,tool,True
Prime Factorization Calculator,prime-factorization-calculator.html,https://www.calculator.net/prime-factorization-calculator.html,Math,tool,True
Common Factor Calculator,common-factor-calculator.html,https://www.calculator.net/common-factor-calculator.html,Math,tool,True
Basic Calculator,basic-calculator.html,https://www.calculator.net/basic-calculator.html,Other,tool,True
Long Division Calculator,long-division-calculator.html,https://www.calculator.net/long-division-calculator.html,Math,tool,True
Average Calculator,average-calculator.html,https://www.calculator.net/average-calculator.html,Math,tool,True
P Value Calculator,p-value-calculator.html,https://www.calculator.net/p-value-calculator.html,Math,tool,True
BMI Calculator Widget,bmi-calculator-widget.php,https://www.calculator.net/projects/bmi-calculator-widget.php,Fitness & Health,widget,True
Love Calculator Widget,love-calculator-widget.php,https://www.calculator.net/projects/love-calculator-widget.php,Other,widget,True
Math Calculator Widget,math-calculator-widget.php,https://www.calculator.net/projects/math-calculator-widget.php,Other,widget,True
Mortgage Calculator Widget,mortgage-calculator-widget.php,https://www.calculator.net/projects/mortgage-calculator-widget.php,Financial,widget,True
